{"stats":{"minecraft:mined":{"minecraft:short_grass":1,"minecraft:grass_block":9,"minecraft:dirt":3},"minecraft:custom":{"minecraft:jump":77,"minecraft:damage_dealt":9,"minecraft:time_since_rest":795,"minecraft:deaths":1,"minecraft:leave_game":2,"minecraft:crouch_one_cm":958,"minecraft:play_time":5052,"minecraft:sprint_one_cm":7681,"minecraft:damage_taken":480,"minecraft:time_since_death":731,"minecraft:walk_one_cm":2130,"minecraft:sneak_time":303,"minecraft:total_world_time":5052,"minecraft:fall_one_cm":2873,"minecraft:fly_one_cm":17686},"minecraft:used":{"minecraft:dirt":12},"minecraft:killed_by":{"minecraft:zombie":1},"minecraft:picked_up":{"minecraft:dirt":15}},"DataVersion":3700}