{"stats":{"minecraft:picked_up":{"minecraft:dirt":11},"minecraft:custom":{"minecraft:jump":35,"minecraft:time_since_rest":3275,"minecraft:leave_game":1,"minecraft:damage_dealt":4,"minecraft:crouch_one_cm":890,"minecraft:sprint_one_cm":3376,"minecraft:play_time":5303,"minecraft:damage_taken":10,"minecraft:time_since_death":5303,"minecraft:walk_one_cm":2118,"minecraft:sleep_in_bed":1,"minecraft:sneak_time":209,"minecraft:total_world_time":5303,"minecraft:fall_one_cm":836,"minecraft:fly_one_cm":9236},"minecraft:mined":{"minecraft:grass_block":9}},"DataVersion":3700}