{"stats":{"minecraft:crafted":{"minecraft:oak_planks":24},"minecraft:mined":{"minecraft:oak_log":6,"minecraft:oak_leaves":1},"minecraft:custom":{"minecraft:jump":46,"minecraft:time_since_rest":2077,"minecraft:leave_game":1,"minecraft:damage_dealt":75,"minecraft:crouch_one_cm":94,"minecraft:sprint_one_cm":3992,"minecraft:play_time":2077,"minecraft:time_since_death":2077,"minecraft:walk_one_cm":5101,"minecraft:sneak_time":87,"minecraft:total_world_time":2077,"minecraft:mob_kills":1,"minecraft:fall_one_cm":1314,"minecraft:fly_one_cm":4132},"minecraft:picked_up":{"minecraft:oak_log":6,"minecraft:mutton":2,"minecraft:white_wool":1}},"DataVersion":3700}