{"stats":{"minecraft:used":{"minecraft:cooked_mutton":3,"minecraft:stone_sword":47,"minecraft:stone_pickaxe":16,"minecraft:brown_wool":1,"minecraft:shield":14,"minecraft:chest":1,"minecraft:wooden_pickaxe":48,"minecraft:light_gray_wool":1,"minecraft:dirt":4,"minecraft:cobblestone":32,"minecraft:acacia_sapling":1,"minecraft:cobbled_deepslate":1},"minecraft:crafted":{"minecraft:shield":1,"minecraft:stick":16,"minecraft:iron_ingot":8,"minecraft:wooden_pickaxe":2,"minecraft:stone_pickaxe":2,"minecraft:stone_sword":2,"minecraft:chest":1,"minecraft:acacia_planks":52},"minecraft:killed":{"minecraft:zombie":1,"minecraft:pig":3,"minecraft:chicken":2},"minecraft:mined":{"minecraft:acacia_leaves":3,"minecraft:iron_ore":2,"minecraft:azure_bluet":1,"minecraft:short_grass":20,"minecraft:acacia_log":16,"minecraft:grass_block":7,"minecraft:sunflower":4,"minecraft:dirt":9,"minecraft:stone":59},"minecraft:dropped":{"minecraft:wheat_seeds":3},"minecraft:killed_by":{"minecraft:skeleton":1,"minecraft:zombie":2},"minecraft:picked_up":{"minecraft:raw_iron":2,"minecraft:stick":6,"minecraft:azure_bluet":1,"minecraft:feather":4,"minecraft:chicken":9,"minecraft:glow_ink_sac":8,"minecraft:brown_wool":1,"minecraft:wooden_pickaxe":2,"minecraft:acacia_log":25,"minecraft:porkchop":16,"minecraft:dirt":40,"minecraft:string":1,"minecraft:cooked_mutton":4,"minecraft:arrow":1,"minecraft:rotten_flesh":2,"minecraft:stone_sword":2,"minecraft:bone":10,"minecraft:acacia_planks":63,"minecraft:wheat_seeds":39,"minecraft:cobbled_deepslate":1,"minecraft:stone_pickaxe":1,"minecraft:light_gray_wool":1,"minecraft:black_wool":6,"minecraft:acacia_sapling":1,"minecraft:white_wool":8,"minecraft:cobblestone":114,"minecraft:sunflower":3},"minecraft:custom":{"minecraft:time_since_rest":112933,"minecraft:interact_with_furnace":8,"minecraft:sprint_one_cm":40035,"minecraft:damage_taken":1191,"minecraft:walk_one_cm":175301,"minecraft:damage_blocked_by_shield":441,"minecraft:mob_kills":6,"minecraft:drop":3,"minecraft:damage_dealt":1088,"minecraft:interact_with_crafting_table":10,"minecraft:fly_one_cm":22697,"minecraft:open_chest":3,"minecraft:crouch_one_cm":237,"minecraft:play_time":149802,"minecraft:deaths":4,"minecraft:sneak_time":131,"minecraft:walk_under_water_one_cm":2664,"minecraft:jump":430,"minecraft:leave_game":1,"minecraft:walk_on_water_one_cm":10220,"minecraft:time_since_death":112897,"minecraft:sleep_in_bed":2,"minecraft:total_world_time":149802,"minecraft:fall_one_cm":12712}},"DataVersion":3700}