{"stat.flyOneCm":33401,"stat.pickup.minecraft.double_plant":1,"stat.walkOneCm":3366,"stat.jump":22,"stat.swimOneCm":104,"stat.playOneMinute":2562,"stat.pickup.minecraft.beef":2,"stat.useItem.minecraft.flint_and_steel":3,"stat.leaveGame":1,"stat.sneakTime":16,"stat.pickup.minecraft.leather":1,"stat.useItem.minecraft.tnt":4,"stat.pickup.minecraft.stone":1,"stat.damageDealt":20,"stat.crouchOneCm":22,"stat.timeSinceDeath":2562,"stat.pickup.minecraft.dirt":9,"stat.killEntity.Cow":2,"stat.pickup.minecraft.cobblestone":1,"stat.sprintOneCm":1428,"stat.mobKills":2,"stat.diveOneCm":153}