{"stats":{"minecraft:used":{"minecraft:dirt":4},"minecraft:mined":{"minecraft:grass_block":4},"minecraft:picked_up":{"minecraft:dirt":4},"minecraft:custom":{"minecraft:jump":23,"minecraft:time_since_rest":1434,"minecraft:crouch_one_cm":197,"minecraft:leave_game":3,"minecraft:play_time":1434,"minecraft:sprint_one_cm":1223,"minecraft:damage_taken":20,"minecraft:time_since_death":1434,"minecraft:walk_one_cm":1529,"minecraft:sneak_time":50,"minecraft:total_world_time":1434,"minecraft:fall_one_cm":1031,"minecraft:fly_one_cm":5070}},"DataVersion":3700}