{"stats":{"minecraft:used":{"minecraft:stone_sword":5,"minecraft:iron_shovel":885,"minecraft:stone_shovel":136,"minecraft:chest":1,"minecraft:shield":102,"minecraft:iron_sword":121,"minecraft:cooked_chicken":2,"minecraft:rotten_flesh":28,"minecraft:iron_chestplate":2,"minecraft:torch":57,"minecraft:dirt":271,"minecraft:mutton":7,"minecraft:iron_helmet":1,"minecraft:iron_boots":1,"minecraft:oak_sapling":17,"minecraft:furnace":3,"minecraft:egg":1,"minecraft:cobbled_deepslate":20,"minecraft:cooked_mutton":12,"minecraft:stone_pickaxe":248,"minecraft:oak_planks":12,"minecraft:wooden_pickaxe":51,"minecraft:golden_apple":2,"minecraft:rail":2,"minecraft:crafting_table":8,"minecraft:white_bed":6,"minecraft:sunflower":1,"minecraft:iron_pickaxe":504,"minecraft:gravel":13,"minecraft:stone_axe":131,"minecraft:wooden_sword":60,"minecraft:cobblestone":15,"minecraft:cooked_porkchop":5,"minecraft:andesite":1},"minecraft:custom":{"minecraft:mob_kills":83,"minecraft:interact_with_crafting_table":42,"minecraft:leave_game":8,"minecraft:time_since_death":52044,"minecraft:sprint_one_cm":312415,"minecraft:walk_one_cm":512267,"minecraft:damage_blocked_by_shield":3579,"minecraft:drop":13,"minecraft:play_time":167465,"minecraft:deaths":16,"minecraft:sneak_time":23688,"minecraft:walk_under_water_one_cm":7803,"minecraft:jump":3246,"minecraft:walk_on_water_one_cm":26604,"minecraft:total_world_time":167465,"minecraft:interact_with_furnace":64,"minecraft:sleep_in_bed":4,"minecraft:time_since_rest":52073,"minecraft:damage_taken":6536,"minecraft:damage_absorbed":41,"minecraft:damage_dealt":12829,"minecraft:fly_one_cm":463782,"minecraft:swim_one_cm":5173,"minecraft:open_chest":34,"minecraft:crouch_one_cm":76554,"minecraft:fall_one_cm":88024},"minecraft:crafted":{"minecraft:wooden_sword":1,"minecraft:oak_planks":104,"minecraft:stone_shovel":1,"minecraft:cooked_chicken":2,"minecraft:furnace":3,"minecraft:cooked_mutton":18,"minecraft:iron_boots":1,"minecraft:stone_pickaxe":3,"minecraft:chest":1,"minecraft:cooked_porkchop":5,"minecraft:crafting_table":4,"minecraft:wooden_pickaxe":2,"minecraft:iron_helmet":1,"minecraft:iron_sword":1,"minecraft:stone_axe":2,"minecraft:air":0,"minecraft:iron_chestplate":1,"minecraft:golden_apple":2,"minecraft:shield":2,"minecraft:stick":44,"minecraft:iron_ingot":72,"minecraft:iron_pickaxe":3,"minecraft:stone_sword":2,"minecraft:iron_shovel":4,"minecraft:iron_leggings":1,"minecraft:gold_ingot":26,"minecraft:white_bed":2,"minecraft:torch":48},"minecraft:dropped":{"minecraft:wheat_seeds":5,"minecraft:brown_wool":1,"minecraft:string":1,"minecraft:white_wool":2,"minecraft:bone":2,"minecraft:chicken":1,"minecraft:light_gray_wool":1,"minecraft:cooked_mutton":4,"minecraft:stone_pickaxe":3,"minecraft:wooden_pickaxe":1,"minecraft:black_wool":2},"minecraft:broken":{"minecraft:iron_shovel":3,"minecraft:shield":1,"minecraft:wooden_sword":1,"minecraft:stone_axe":1,"minecraft:iron_pickaxe":1,"minecraft:stone_shovel":1},"minecraft:mined":{"minecraft:tuff":7,"minecraft:white_bed":4,"minecraft:oak_sapling":2,"minecraft:deepslate_diamond_ore":17,"minecraft:granite":4,"minecraft:grass_block":499,"minecraft:iron_ore":67,"minecraft:andesite":29,"minecraft:deepslate_lapis_ore":13,"minecraft:deepslate_iron_ore":31,"minecraft:rail":3,"minecraft:stone":394,"minecraft:deepslate_redstone_ore":6,"minecraft:crafting_table":4,"minecraft:torch":6,"minecraft:short_grass":166,"minecraft:tall_grass":30,"minecraft:copper_ore":11,"minecraft:cobblestone":1,"minecraft:deepslate_gold_ore":26,"minecraft:oak_planks":9,"minecraft:diorite":1,"minecraft:wall_torch":3,"minecraft:oak_log":57,"minecraft:coal_ore":93,"minecraft:dirt":546,"minecraft:sunflower":1,"minecraft:gravel":24,"minecraft:cobweb":15,"minecraft:oak_leaves":9,"minecraft:deepslate":38},"minecraft:killed":{"minecraft:spider":9,"minecraft:skeleton":18,"minecraft:chicken":7,"minecraft:pig":3,"minecraft:zombie_villager":1,"minecraft:sheep":16,"minecraft:zombie":26},"minecraft:picked_up":{"minecraft:iron_chestplate":4,"minecraft:crafting_table":12,"minecraft:chicken":9,"minecraft:wooden_pickaxe":7,"minecraft:shield":4,"minecraft:string":29,"minecraft:raw_copper":40,"minecraft:wooden_sword":2,"minecraft:iron_leggings":3,"minecraft:cobbled_deepslate":38,"minecraft:iron_pickaxe":2,"minecraft:light_gray_wool":1,"minecraft:iron_boots":3,"minecraft:egg":3,"minecraft:raw_iron":216,"minecraft:stick":37,"minecraft:torch":41,"minecraft:porkchop":5,"minecraft:diorite":24,"minecraft:redstone":26,"minecraft:stone_shovel":1,"minecraft:stone_sword":1,"minecraft:arrow":84,"minecraft:rotten_flesh":40,"minecraft:gold_ingot":10,"minecraft:mutton":31,"minecraft:white_wool":14,"minecraft:rail":4,"minecraft:cobblestone":633,"minecraft:feather":5,"minecraft:glow_ink_sac":14,"minecraft:andesite":35,"minecraft:brown_wool":2,"minecraft:flint":3,"minecraft:tuff":7,"minecraft:oak_log":84,"minecraft:lapis_lazuli":83,"minecraft:dirt":1232,"minecraft:cooked_mutton":32,"minecraft:bone":58,"minecraft:apple":2,"minecraft:bow":1,"minecraft:wheat_seeds":42,"minecraft:raw_gold":26,"minecraft:stone_pickaxe":15,"minecraft:iron_ingot":2,"minecraft:oak_planks":255,"minecraft:iron_sword":3,"minecraft:dandelion":1,"minecraft:gravel":24,"minecraft:white_bed":6,"minecraft:spider_eye":3,"minecraft:diamond":17,"minecraft:stone_axe":9,"minecraft:iron_helmet":2,"minecraft:granite":4,"minecraft:golden_apple":1,"minecraft:gray_wool":1,"minecraft:oak_sapling":41,"minecraft:black_wool":2,"minecraft:coal":122,"minecraft:sunflower":7},"minecraft:killed_by":{"minecraft:creeper":2,"minecraft:spider":2,"minecraft:skeleton":6,"minecraft:zombie":3}},"DataVersion":3700}