{"stats":{"minecraft:mined":{"minecraft:grass_block":1},"minecraft:custom":{"minecraft:jump":21,"minecraft:time_since_rest":72,"minecraft:deaths":1,"minecraft:leave_game":3,"minecraft:play_time":2157,"minecraft:sprint_one_cm":756,"minecraft:damage_taken":240,"minecraft:time_since_death":0,"minecraft:walk_one_cm":1060,"minecraft:total_world_time":2157,"minecraft:fall_one_cm":997,"minecraft:fly_one_cm":2747},"minecraft:used":{"minecraft:dirt":1},"minecraft:killed_by":{"minecraft:drowned":1},"minecraft:picked_up":{"minecraft:dirt":1}},"DataVersion":3700}