{"stat.pickup.minecraft.double_plant":1,"stat.walkOneCm":4661,"stat.useItem.minecraft.stone":2,"stat.leaveGame":2,"stat.useItem.minecraft.tnt":10,"stat.jump":40,"stat.swimOneCm":104,"stat.pickup.minecraft.beef":2,"stat.pickup.minecraft.stone":1,"stat.crouchOneCm":22,"stat.pickup.minecraft.dirt":11,"stat.sprintOneCm":2013,"stat.useItem.minecraft.flint_and_steel":3,"stat.pickup.minecraft.leather":1,"stat.pickup.minecraft.cobblestone":1,"stat.mobKills":2,"stat.flyOneCm":61053,"stat.playOneMinute":4580,"stat.sneakTime":16,"stat.damageDealt":20,"stat.timeSinceDeath":4580,"stat.killEntity.Cow":2,"stat.diveOneCm":153}