{"stats":{"minecraft:mined":{"minecraft:oak_log":6,"minecraft:brown_wool":1},"minecraft:killed_by":{"minecraft:zombie":1},"minecraft:picked_up":{"minecraft:oak_log":6,"minecraft:brown_wool":1},"minecraft:custom":{"minecraft:jump":30,"minecraft:open_chest":3,"minecraft:time_since_rest":2588,"minecraft:sprint_one_cm":902,"minecraft:damage_taken":280,"minecraft:leave_game":2,"minecraft:play_time":3869,"minecraft:walk_one_cm":29104,"minecraft:time_since_death":3506,"minecraft:deaths":1,"minecraft:sleep_in_bed":2,"minecraft:total_world_time":3869,"minecraft:fall_one_cm":753,"minecraft:fly_one_cm":1095}},"DataVersion":3700}